widx,ts,alerts,ddos_upgrade,z_alert,count_alert
2304,2026-06-09 00:00:00,2,0,2,1
2305,2026-06-09 00:05:00,1,0,1,0
2306,2026-06-09 00:10:00,0,0,0,0
2307,2026-06-09 00:15:00,1,0,1,1
2308,2026-06-09 00:20:00,0,0,0,0
2309,2026-06-09 00:25:00,1,0,1,0
2310,2026-06-09 00:30:00,0,0,0,0
2311,2026-06-09 00:35:00,0,0,0,0
2312,2026-06-09 00:40:00,1,0,1,1
2313,2026-06-09 00:45:00,0,0,0,0
2314,2026-06-09 00:50:00,1,0,1,0
2315,2026-06-09 00:55:00,1,0,1,0
2316,2026-06-09 01:00:00,0,0,0,0
2317,2026-06-09 01:05:00,2,0,2,2
2318,2026-06-09 01:10:00,1,0,1,0
2319,2026-06-09 01:15:00,0,0,0,0
2320,2026-06-09 01:20:00,1,0,1,1
2321,2026-06-09 01:25:00,0,0,0,0
2322,2026-06-09 01:30:00,0,0,0,0
2323,2026-06-09 01:35:00,0,0,0,0
2324,2026-06-09 01:40:00,1,0,1,0
2325,2026-06-09 01:45:00,2,0,2,1
2326,2026-06-09 01:50:00,1,0,1,0
2327,2026-06-09 01:55:00,0,0,0,0
2328,2026-06-09 02:00:00,0,0,0,0
2329,2026-06-09 02:05:00,0,0,0,0
2330,2026-06-09 02:10:00,0,0,0,0
2331,2026-06-09 02:15:00,0,0,0,0
2332,2026-06-09 02:20:00,1,0,1,1
2333,2026-06-09 02:25:00,3,0,3,0
2334,2026-06-09 02:30:00,2,0,1,1
2335,2026-06-09 02:35:00,1,0,1,0
2336,2026-06-09 02:40:00,1,0,0,1
2337,2026-06-09 02:45:00,2,0,2,1
2338,2026-06-09 02:50:00,3,0,3,2
2339,2026-06-09 02:55:00,1,0,1,0
2340,2026-06-09 03:00:00,0,0,0,0
2341,2026-06-09 03:05:00,1,0,1,0
2342,2026-06-09 03:10:00,0,0,0,0
2343,2026-06-09 03:15:00,1,0,1,1
2344,2026-06-09 03:20:00,0,0,0,0
2345,2026-06-09 03:25:00,1,0,1,1
2346,2026-06-09 03:30:00,0,0,0,0
2347,2026-06-09 03:35:00,1,0,1,0
2348,2026-06-09 03:40:00,0,0,0,0
2349,2026-06-09 03:45:00,1,0,1,0
2350,2026-06-09 03:50:00,1,0,1,0
2351,2026-06-09 03:55:00,0,0,0,0
2352,2026-06-09 04:00:00,2,0,2,1
2353,2026-06-09 04:05:00,1,0,1,1
2354,2026-06-09 04:10:00,0,0,0,0
2355,2026-06-09 04:15:00,1,0,1,1
2356,2026-06-09 04:20:00,0,0,0,0
2357,2026-06-09 04:25:00,1,0,1,0
2358,2026-06-09 04:30:00,0,0,0,0
2359,2026-06-09 04:35:00,0,0,0,0
2360,2026-06-09 04:40:00,0,0,0,0
2361,2026-06-09 04:45:00,2,0,2,0
2362,2026-06-09 04:50:00,0,0,0,0
2363,2026-06-09 04:55:00,1,0,1,0
2364,2026-06-09 05:00:00,0,0,0,0
2365,2026-06-09 05:05:00,1,0,1,0
2366,2026-06-09 05:10:00,0,0,0,0
2367,2026-06-09 05:15:00,0,0,0,0
2368,2026-06-09 05:20:00,1,0,1,1
2369,2026-06-09 05:25:00,1,0,1,1
2370,2026-06-09 05:30:00,2,0,2,1
2371,2026-06-09 05:35:00,2,0,2,1
2372,2026-06-09 05:40:00,0,0,0,0
2373,2026-06-09 05:45:00,2,0,2,1
2374,2026-06-09 05:50:00,0,0,0,0
2375,2026-06-09 05:55:00,1,0,1,1
2376,2026-06-09 06:00:00,0,0,0,0
2377,2026-06-09 06:05:00,0,0,0,0
2378,2026-06-09 06:10:00,0,0,0,0
2379,2026-06-09 06:15:00,0,0,0,0
2380,2026-06-09 06:20:00,0,0,0,0
2381,2026-06-09 06:25:00,0,0,0,0
2382,2026-06-09 06:30:00,1,0,1,0
2383,2026-06-09 06:35:00,0,0,0,0
2384,2026-06-09 06:40:00,1,0,1,1
2385,2026-06-09 06:45:00,0,0,0,0
2386,2026-06-09 06:50:00,1,0,1,0
2387,2026-06-09 06:55:00,1,0,1,1
2388,2026-06-09 07:00:00,0,0,0,0
2389,2026-06-09 07:05:00,2,0,2,1
2390,2026-06-09 07:10:00,2,0,2,0
2391,2026-06-09 07:15:00,1,0,1,0
2392,2026-06-09 07:20:00,1,0,1,0
2393,2026-06-09 07:25:00,1,0,1,0
2394,2026-06-09 07:30:00,3,0,3,2
2395,2026-06-09 07:35:00,1,0,1,1
2396,2026-06-09 07:40:00,0,0,0,0
2397,2026-06-09 07:45:00,1,0,1,0
2398,2026-06-09 07:50:00,0,0,0,0
2399,2026-06-09 07:55:00,0,0,0,0
2400,2026-06-09 08:00:00,2,0,2,1
2401,2026-06-09 08:05:00,0,0,0,0
2402,2026-06-09 08:10:00,2,0,1,2
2403,2026-06-09 08:15:00,0,0,0,0
2404,2026-06-09 08:20:00,2,0,2,0
2405,2026-06-09 08:25:00,1,0,0,1
2406,2026-06-09 08:30:00,2,0,2,0
2407,2026-06-09 08:35:00,3,0,3,2
2408,2026-06-09 08:40:00,1,0,0,1
2409,2026-06-09 08:45:00,2,0,2,0
2410,2026-06-09 08:50:00,1,0,1,1
2411,2026-06-09 08:55:00,1,0,1,1
2412,2026-06-09 09:00:00,1,0,1,1
2413,2026-06-09 09:05:00,2,0,1,2
2414,2026-06-09 09:10:00,3,0,2,2
2415,2026-06-09 09:15:00,0,0,0,0
2416,2026-06-09 09:20:00,2,0,2,2
2417,2026-06-09 09:25:00,2,0,1,2
2418,2026-06-09 09:30:00,4,0,4,3
2419,2026-06-09 09:35:00,4,0,4,2
2420,2026-06-09 09:40:00,4,0,4,1
2421,2026-06-09 09:45:00,3,0,3,2
2422,2026-06-09 09:50:00,2,0,1,2
2423,2026-06-09 09:55:00,2,0,1,2
2424,2026-06-09 10:00:00,2,0,1,2
2425,2026-06-09 10:05:00,2,0,2,2
2426,2026-06-09 10:10:00,5,0,5,2
2427,2026-06-09 10:15:00,3,0,3,1
2428,2026-06-09 10:20:00,0,0,0,0
2429,2026-06-09 10:25:00,2,0,2,2
2430,2026-06-09 10:30:00,2,0,2,1
2431,2026-06-09 10:35:00,2,0,2,1
2432,2026-06-09 10:40:00,1,0,0,1
2433,2026-06-09 10:45:00,0,0,0,0
2434,2026-06-09 10:50:00,2,0,1,2
2435,2026-06-09 10:55:00,3,0,3,2
2436,2026-06-09 11:00:00,2,0,2,1
2437,2026-06-09 11:05:00,4,0,4,1
2438,2026-06-09 11:10:00,4,0,4,3
2439,2026-06-09 11:15:00,1,0,1,0
2440,2026-06-09 11:20:00,2,0,2,2
2441,2026-06-09 11:25:00,2,0,2,2
2442,2026-06-09 11:30:00,1,0,1,1
2443,2026-06-09 11:35:00,3,0,3,0
2444,2026-06-09 11:40:00,1,0,1,1
2445,2026-06-09 11:45:00,1,0,1,0
2446,2026-06-09 11:50:00,2,0,2,2
2447,2026-06-09 11:55:00,3,0,3,1
2448,2026-06-09 12:00:00,3,0,3,3
2449,2026-06-09 12:05:00,2,0,2,1
2450,2026-06-09 12:10:00,3,0,2,3
2451,2026-06-09 12:15:00,5,0,4,4
2452,2026-06-09 12:20:00,5,0,4,5
2453,2026-06-09 12:25:00,2,0,2,2
2454,2026-06-09 12:30:00,3,0,3,3
2455,2026-06-09 12:35:00,4,0,3,2
2456,2026-06-09 12:40:00,2,0,1,2
2457,2026-06-09 12:45:00,3,0,2,2
2458,2026-06-09 12:50:00,5,0,4,4
2459,2026-06-09 12:55:00,2,0,2,2
2460,2026-06-09 13:00:00,3,0,2,2
2461,2026-06-09 13:05:00,2,0,2,2
2462,2026-06-09 13:10:00,4,0,3,3
2463,2026-06-09 13:15:00,2,0,2,1
2464,2026-06-09 13:20:00,3,0,2,3
2465,2026-06-09 13:25:00,2,0,2,2
2466,2026-06-09 13:30:00,2,0,1,2
2467,2026-06-09 13:35:00,3,0,1,3
2468,2026-06-09 13:40:00,1,0,1,1
2469,2026-06-09 13:45:00,0,0,0,0
2470,2026-06-09 13:50:00,2,0,1,1
2471,2026-06-09 13:55:00,0,0,0,0
2472,2026-06-09 14:00:00,3,0,3,3
2473,2026-06-09 14:05:00,2,0,2,2
2474,2026-06-09 14:10:00,1,0,1,1
2475,2026-06-09 14:15:00,1,0,1,1
2476,2026-06-09 14:20:00,2,0,1,2
2477,2026-06-09 14:25:00,4,0,3,4
2478,2026-06-09 14:30:00,1,0,1,1
2479,2026-06-09 14:35:00,1,0,0,1
2480,2026-06-09 14:40:00,2,0,2,2
2481,2026-06-09 14:45:00,5,0,3,4
2482,2026-06-09 14:50:00,3,0,2,3
2483,2026-06-09 14:55:00,1,0,0,1
2484,2026-06-09 15:00:00,2,0,2,2
2485,2026-06-09 15:05:00,3,0,2,2
2486,2026-06-09 15:10:00,4,0,3,3
2487,2026-06-09 15:15:00,3,0,2,2
2488,2026-06-09 15:20:00,3,0,2,3
2489,2026-06-09 15:25:00,2,0,2,1
2490,2026-06-09 15:30:00,2,0,2,2
2491,2026-06-09 15:35:00,4,0,4,3
2492,2026-06-09 15:40:00,4,0,4,3
2493,2026-06-09 15:45:00,1,0,1,1
2494,2026-06-09 15:50:00,2,0,2,1
2495,2026-06-09 15:55:00,5,0,5,4
2496,2026-06-09 16:00:00,4,0,4,2
2497,2026-06-09 16:05:00,5,0,4,3
2498,2026-06-09 16:10:00,2,0,2,2
2499,2026-06-09 16:15:00,3,0,3,1
2500,2026-06-09 16:20:00,1,0,1,1
2501,2026-06-09 16:25:00,1,0,1,0
2502,2026-06-09 16:30:00,0,0,0,0
2503,2026-06-09 16:35:00,0,0,0,0
2504,2026-06-09 16:40:00,2,0,2,0
2505,2026-06-09 16:45:00,4,0,3,2
2506,2026-06-09 16:50:00,3,0,3,2
2507,2026-06-09 16:55:00,3,0,3,2
2508,2026-06-09 17:00:00,4,0,4,4
2509,2026-06-09 17:05:00,5,0,5,4
2510,2026-06-09 17:10:00,2,0,2,2
2511,2026-06-09 17:15:00,3,0,1,3
2512,2026-06-09 17:20:00,4,0,3,2
2513,2026-06-09 17:25:00,1,0,1,1
2514,2026-06-09 17:30:00,2,0,1,1
2515,2026-06-09 17:35:00,4,0,4,4
2516,2026-06-09 17:40:00,4,0,3,2
2517,2026-06-09 17:45:00,2,0,1,2
2518,2026-06-09 17:50:00,1,0,1,1
2519,2026-06-09 17:55:00,3,0,2,3
2520,2026-06-09 18:00:00,1,0,1,1
2521,2026-06-09 18:05:00,2,0,2,2
2522,2026-06-09 18:10:00,0,0,0,0
2523,2026-06-09 18:15:00,1,0,1,1
2524,2026-06-09 18:20:00,0,0,0,0
2525,2026-06-09 18:25:00,3,0,3,2
2526,2026-06-09 18:30:00,1,0,1,0
2527,2026-06-09 18:35:00,1,0,1,0
2528,2026-06-09 18:40:00,1,0,1,1
2529,2026-06-09 18:45:00,2,0,1,1
2530,2026-06-09 18:50:00,1,0,1,1
2531,2026-06-09 18:55:00,0,0,0,0
2532,2026-06-09 19:00:00,0,0,0,0
2533,2026-06-09 19:05:00,1,0,1,0
2534,2026-06-09 19:10:00,0,0,0,0
2535,2026-06-09 19:15:00,1,0,1,0
2536,2026-06-09 19:20:00,0,0,0,0
2537,2026-06-09 19:25:00,2,0,2,0
2538,2026-06-09 19:30:00,2,0,2,0
2539,2026-06-09 19:35:00,3,0,3,1
2540,2026-06-09 19:40:00,0,0,0,0
2541,2026-06-09 19:45:00,2,0,2,1
2542,2026-06-09 19:50:00,0,0,0,0
2543,2026-06-09 19:55:00,0,0,0,0
2544,2026-06-09 20:00:00,2,0,2,0
2545,2026-06-09 20:05:00,0,0,0,0
2546,2026-06-09 20:10:00,0,0,0,0
2547,2026-06-09 20:15:00,0,0,0,0
2548,2026-06-09 20:20:00,0,0,0,0
2549,2026-06-09 20:25:00,0,0,0,0
2550,2026-06-09 20:30:00,2,0,2,1
2551,2026-06-09 20:35:00,3,0,3,1
2552,2026-06-09 20:40:00,1,0,1,0
2553,2026-06-09 20:45:00,0,0,0,0
2554,2026-06-09 20:50:00,2,0,2,0
2555,2026-06-09 20:55:00,3,0,3,1
2556,2026-06-09 21:00:00,1,0,1,0
2557,2026-06-09 21:05:00,1,0,1,0
2558,2026-06-09 21:10:00,0,0,0,0
2559,2026-06-09 21:15:00,0,0,0,0
2560,2026-06-09 21:20:00,3,0,3,1
2561,2026-06-09 21:25:00,1,0,1,0
2562,2026-06-09 21:30:00,1,0,1,0
2563,2026-06-09 21:35:00,1,0,1,1
2564,2026-06-09 21:40:00,0,0,0,0
2565,2026-06-09 21:45:00,1,0,1,0
2566,2026-06-09 21:50:00,2,0,2,1
2567,2026-06-09 21:55:00,0,0,0,0
2568,2026-06-09 22:00:00,1,0,1,1
2569,2026-06-09 22:05:00,2,0,2,1
2570,2026-06-09 22:10:00,1,0,1,0
2571,2026-06-09 22:15:00,0,0,0,0
2572,2026-06-09 22:20:00,3,0,3,2
2573,2026-06-09 22:25:00,1,0,1,1
2574,2026-06-09 22:30:00,1,0,0,1
2575,2026-06-09 22:35:00,1,0,1,1
2576,2026-06-09 22:40:00,1,0,0,1
2577,2026-06-09 22:45:00,0,0,0,0
2578,2026-06-09 22:50:00,0,0,0,0
2579,2026-06-09 22:55:00,1,0,1,1
2580,2026-06-09 23:00:00,0,0,0,0
2581,2026-06-09 23:05:00,1,0,1,0
2582,2026-06-09 23:10:00,2,0,2,2
2583,2026-06-09 23:15:00,2,0,2,2
2584,2026-06-09 23:20:00,0,0,0,0
2585,2026-06-09 23:25:00,1,0,1,1
2586,2026-06-09 23:30:00,2,0,2,2
2587,2026-06-09 23:35:00,0,0,0,0
2588,2026-06-09 23:40:00,0,0,0,0
2589,2026-06-09 23:45:00,2,0,2,0
2590,2026-06-09 23:50:00,2,0,2,2
2591,2026-06-09 23:55:00,0,0,0,0
2592,2026-06-10 00:00:00,0,0,0,0
2593,2026-06-10 00:05:00,1,0,1,1
2594,2026-06-10 00:10:00,0,0,0,0
2595,2026-06-10 00:15:00,0,0,0,0
2596,2026-06-10 00:20:00,0,0,0,0
2597,2026-06-10 00:25:00,3,0,3,2
2598,2026-06-10 00:30:00,0,0,0,0
2599,2026-06-10 00:35:00,1,0,1,1
2600,2026-06-10 00:40:00,0,0,0,0
2601,2026-06-10 00:45:00,0,0,0,0
2602,2026-06-10 00:50:00,1,0,1,0
2603,2026-06-10 00:55:00,1,0,1,0
2604,2026-06-10 01:00:00,0,0,0,0
2605,2026-06-10 01:05:00,0,0,0,0
2606,2026-06-10 01:10:00,1,0,1,1
2607,2026-06-10 01:15:00,1,0,1,0
2608,2026-06-10 01:20:00,0,0,0,0
2609,2026-06-10 01:25:00,0,0,0,0
2610,2026-06-10 01:30:00,2,0,2,0
2611,2026-06-10 01:35:00,0,0,0,0
2612,2026-06-10 01:40:00,0,0,0,0
2613,2026-06-10 01:45:00,1,0,1,1
2614,2026-06-10 01:50:00,0,0,0,0
2615,2026-06-10 01:55:00,0,0,0,0
2616,2026-06-10 02:00:00,0,0,0,0
2617,2026-06-10 02:05:00,1,0,1,0
2618,2026-06-10 02:10:00,0,0,0,0
2619,2026-06-10 02:15:00,0,0,0,0
2620,2026-06-10 02:20:00,0,0,0,0
2621,2026-06-10 02:25:00,1,0,0,1
2622,2026-06-10 02:30:00,0,0,0,0
2623,2026-06-10 02:35:00,0,0,0,0
2624,2026-06-10 02:40:00,0,0,0,0
2625,2026-06-10 02:45:00,1,0,1,1
2626,2026-06-10 02:50:00,1,0,0,1
2627,2026-06-10 02:55:00,0,0,0,0
2628,2026-06-10 03:00:00,0,0,0,0
2629,2026-06-10 03:05:00,0,0,0,0
2630,2026-06-10 03:10:00,1,0,1,1
2631,2026-06-10 03:15:00,1,0,1,1
2632,2026-06-10 03:20:00,1,0,1,1
2633,2026-06-10 03:25:00,0,0,0,0
2634,2026-06-10 03:30:00,3,0,3,2
2635,2026-06-10 03:35:00,0,0,0,0
2636,2026-06-10 03:40:00,0,0,0,0
2637,2026-06-10 03:45:00,0,0,0,0
2638,2026-06-10 03:50:00,1,0,1,1
2639,2026-06-10 03:55:00,0,0,0,0
2640,2026-06-10 04:00:00,1,0,1,0
2641,2026-06-10 04:05:00,0,0,0,0
2642,2026-06-10 04:10:00,1,0,1,1
2643,2026-06-10 04:15:00,0,0,0,0
2644,2026-06-10 04:20:00,1,0,1,1
2645,2026-06-10 04:25:00,0,0,0,0
2646,2026-06-10 04:30:00,0,0,0,0
2647,2026-06-10 04:35:00,2,0,2,1
2648,2026-06-10 04:40:00,0,0,0,0
2649,2026-06-10 04:45:00,1,0,1,1
2650,2026-06-10 04:50:00,3,0,3,0
2651,2026-06-10 04:55:00,1,0,1,1
2652,2026-06-10 05:00:00,0,0,0,0
2653,2026-06-10 05:05:00,0,0,0,0
2654,2026-06-10 05:10:00,0,0,0,0
2655,2026-06-10 05:15:00,1,0,1,1
2656,2026-06-10 05:20:00,3,0,3,1
2657,2026-06-10 05:25:00,1,0,1,1
2658,2026-06-10 05:30:00,0,0,0,0
2659,2026-06-10 05:35:00,0,0,0,0
2660,2026-06-10 05:40:00,0,0,0,0
2661,2026-06-10 05:45:00,2,0,2,0
2662,2026-06-10 05:50:00,0,0,0,0
2663,2026-06-10 05:55:00,0,0,0,0
2664,2026-06-10 06:00:00,0,0,0,0
2665,2026-06-10 06:05:00,0,0,0,0
2666,2026-06-10 06:10:00,1,0,1,0
2667,2026-06-10 06:15:00,1,0,1,1
2668,2026-06-10 06:20:00,1,0,1,1
2669,2026-06-10 06:25:00,0,0,0,0
2670,2026-06-10 06:30:00,1,0,1,1
2671,2026-06-10 06:35:00,1,0,1,1
2672,2026-06-10 06:40:00,1,0,1,1
2673,2026-06-10 06:45:00,0,0,0,0
2674,2026-06-10 06:50:00,0,0,0,0
2675,2026-06-10 06:55:00,1,0,1,1
2676,2026-06-10 07:00:00,1,0,1,1
2677,2026-06-10 07:05:00,1,0,1,0
2678,2026-06-10 07:10:00,0,0,0,0
2679,2026-06-10 07:15:00,0,0,0,0
2680,2026-06-10 07:20:00,0,0,0,0
2681,2026-06-10 07:25:00,3,0,2,1
2682,2026-06-10 07:30:00,2,0,2,1
2683,2026-06-10 07:35:00,0,0,0,0
2684,2026-06-10 07:40:00,0,0,0,0
2685,2026-06-10 07:45:00,0,0,0,0
2686,2026-06-10 07:50:00,0,0,0,0
2687,2026-06-10 07:55:00,0,0,0,0
2688,2026-06-10 08:00:00,1,0,1,1
2689,2026-06-10 08:05:00,3,0,3,2
2690,2026-06-10 08:10:00,3,0,3,0
2691,2026-06-10 08:15:00,1,0,1,0
2692,2026-06-10 08:20:00,1,0,1,1
2693,2026-06-10 08:25:00,1,0,1,0
2694,2026-06-10 08:30:00,0,0,0,0
2695,2026-06-10 08:35:00,1,0,1,0
2696,2026-06-10 08:40:00,1,0,1,1
2697,2026-06-10 08:45:00,1,0,1,1
2698,2026-06-10 08:50:00,0,0,0,0
2699,2026-06-10 08:55:00,1,0,1,0
2700,2026-06-10 09:00:00,4,0,4,3
2701,2026-06-10 09:05:00,2,0,2,2
2702,2026-06-10 09:10:00,1,0,1,1
2703,2026-06-10 09:15:00,2,0,2,2
2704,2026-06-10 09:20:00,1,0,1,0
2705,2026-06-10 09:25:00,2,0,2,1
2706,2026-06-10 09:30:00,1,0,1,1
2707,2026-06-10 09:35:00,3,0,3,2
2708,2026-06-10 09:40:00,2,0,2,2
2709,2026-06-10 09:45:00,1,0,1,1
2710,2026-06-10 09:50:00,2,0,2,2
2711,2026-06-10 09:55:00,3,0,3,3
2712,2026-06-10 10:00:00,5,0,4,3
2713,2026-06-10 10:05:00,5,0,3,4
2714,2026-06-10 10:10:00,2,0,2,0
2715,2026-06-10 10:15:00,6,0,6,3
2716,2026-06-10 10:20:00,5,0,4,4
2717,2026-06-10 10:25:00,1,0,1,1
2718,2026-06-10 10:30:00,2,0,2,0
2719,2026-06-10 10:35:00,4,0,4,3
2720,2026-06-10 10:40:00,4,0,2,4
2721,2026-06-10 10:45:00,2,0,2,2
2722,2026-06-10 10:50:00,2,0,2,1
2723,2026-06-10 10:55:00,4,0,3,3
2724,2026-06-10 11:00:00,4,0,4,2
2725,2026-06-10 11:05:00,2,0,2,2
2726,2026-06-10 11:10:00,2,0,2,2
2727,2026-06-10 11:15:00,1,0,1,1
2728,2026-06-10 11:20:00,2,0,2,2
2729,2026-06-10 11:25:00,3,0,3,2
2730,2026-06-10 11:30:00,2,0,2,2
2731,2026-06-10 11:35:00,3,0,3,2
2732,2026-06-10 11:40:00,1,0,1,1
2733,2026-06-10 11:45:00,1,0,1,0
2734,2026-06-10 11:50:00,3,0,3,2
2735,2026-06-10 11:55:00,1,0,1,0
2736,2026-06-10 12:00:00,2,0,2,2
2737,2026-06-10 12:05:00,3,0,2,2
2738,2026-06-10 12:10:00,1,0,1,0
2739,2026-06-10 12:15:00,4,0,4,2
2740,2026-06-10 12:20:00,3,0,3,2
2741,2026-06-10 12:25:00,6,0,5,2
2742,2026-06-10 12:30:00,5,0,5,1
2743,2026-06-10 12:35:00,1,0,1,0
2744,2026-06-10 12:40:00,2,0,2,1
2745,2026-06-10 12:45:00,3,0,3,1
2746,2026-06-10 12:50:00,3,0,3,1
2747,2026-06-10 12:55:00,3,0,3,2
2748,2026-06-10 13:00:00,2,0,2,2
2749,2026-06-10 13:05:00,4,0,4,1
2750,2026-06-10 13:10:00,1,0,1,1
2751,2026-06-10 13:15:00,6,0,5,4
2752,2026-06-10 13:20:00,2,0,2,2
2753,2026-06-10 13:25:00,3,0,3,2
2754,2026-06-10 13:30:00,3,0,2,2
2755,2026-06-10 13:35:00,3,0,3,1
2756,2026-06-10 13:40:00,2,0,2,1
2757,2026-06-10 13:45:00,4,0,4,2
2758,2026-06-10 13:50:00,3,0,3,2
2759,2026-06-10 13:55:00,2,0,1,2
2760,2026-06-10 14:00:00,38,38,38,33
2761,2026-06-10 14:05:00,41,38,41,37
2762,2026-06-10 14:10:00,40,37,40,35
2763,2026-06-10 14:15:00,40,36,39,34
2764,2026-06-10 14:20:00,37,37,37,33
2765,2026-06-10 14:25:00,40,37,39,36
2766,2026-06-10 14:30:00,4,0,3,3
2767,2026-06-10 14:35:00,2,0,2,2
2768,2026-06-10 14:40:00,4,0,4,3
2769,2026-06-10 14:45:00,1,0,1,1
2770,2026-06-10 14:50:00,2,0,2,1
2771,2026-06-10 14:55:00,5,0,4,5
2772,2026-06-10 15:00:00,2,0,2,2
2773,2026-06-10 15:05:00,2,0,1,2
2774,2026-06-10 15:10:00,2,0,1,2
2775,2026-06-10 15:15:00,2,0,1,2
2776,2026-06-10 15:20:00,4,0,2,4
2777,2026-06-10 15:25:00,1,0,1,1
2778,2026-06-10 15:30:00,4,0,3,3
2779,2026-06-10 15:35:00,2,0,1,1
2780,2026-06-10 15:40:00,2,0,1,2
2781,2026-06-10 15:45:00,0,0,0,0
2782,2026-06-10 15:50:00,2,0,1,1
2783,2026-06-10 15:55:00,3,0,2,2
2784,2026-06-10 16:00:00,2,0,2,1
2785,2026-06-10 16:05:00,5,0,3,5
2786,2026-06-10 16:10:00,4,0,2,4
2787,2026-06-10 16:15:00,5,0,4,3
2788,2026-06-10 16:20:00,0,0,0,0
2789,2026-06-10 16:25:00,3,0,2,2
2790,2026-06-10 16:30:00,1,0,1,1
2791,2026-06-10 16:35:00,4,0,3,2
2792,2026-06-10 16:40:00,3,0,2,3
2793,2026-06-10 16:45:00,4,0,3,4
2794,2026-06-10 16:50:00,2,0,1,2
2795,2026-06-10 16:55:00,0,0,0,0
2796,2026-06-10 17:00:00,4,0,4,2
2797,2026-06-10 17:05:00,1,0,1,0
2798,2026-06-10 17:10:00,2,0,1,1
2799,2026-06-10 17:15:00,2,0,2,2
2800,2026-06-10 17:20:00,2,0,2,2
2801,2026-06-10 17:25:00,1,0,0,1
2802,2026-06-10 17:30:00,2,0,2,2
2803,2026-06-10 17:35:00,2,0,2,2
2804,2026-06-10 17:40:00,3,0,2,3
2805,2026-06-10 17:45:00,3,0,3,2
2806,2026-06-10 17:50:00,2,0,2,1
2807,2026-06-10 17:55:00,1,0,1,1
2808,2026-06-10 18:00:00,0,0,0,0
2809,2026-06-10 18:05:00,0,0,0,0
2810,2026-06-10 18:10:00,0,0,0,0
2811,2026-06-10 18:15:00,3,0,2,1
2812,2026-06-10 18:20:00,1,0,1,1
2813,2026-06-10 18:25:00,0,0,0,0
2814,2026-06-10 18:30:00,0,0,0,0
2815,2026-06-10 18:35:00,1,0,1,0
2816,2026-06-10 18:40:00,1,0,1,0
2817,2026-06-10 18:45:00,4,0,4,2
2818,2026-06-10 18:50:00,1,0,0,1
2819,2026-06-10 18:55:00,0,0,0,0
2820,2026-06-10 19:00:00,0,0,0,0
2821,2026-06-10 19:05:00,2,0,2,1
2822,2026-06-10 19:10:00,1,0,1,0
2823,2026-06-10 19:15:00,4,0,4,2
2824,2026-06-10 19:20:00,0,0,0,0
2825,2026-06-10 19:25:00,0,0,0,0
2826,2026-06-10 19:30:00,1,0,1,1
2827,2026-06-10 19:35:00,1,0,1,1
2828,2026-06-10 19:40:00,0,0,0,0
2829,2026-06-10 19:45:00,1,0,1,1
2830,2026-06-10 19:50:00,1,0,1,0
2831,2026-06-10 19:55:00,2,0,2,1
2832,2026-06-10 20:00:00,1,0,1,1
2833,2026-06-10 20:05:00,0,0,0,0
2834,2026-06-10 20:10:00,1,0,0,1
2835,2026-06-10 20:15:00,0,0,0,0
2836,2026-06-10 20:20:00,3,0,3,0
2837,2026-06-10 20:25:00,1,0,1,1
2838,2026-06-10 20:30:00,0,0,0,0
2839,2026-06-10 20:35:00,0,0,0,0
2840,2026-06-10 20:40:00,1,0,0,1
2841,2026-06-10 20:45:00,3,0,3,1
2842,2026-06-10 20:50:00,3,0,3,1
2843,2026-06-10 20:55:00,0,0,0,0
2844,2026-06-10 21:00:00,1,0,1,1
2845,2026-06-10 21:05:00,0,0,0,0
2846,2026-06-10 21:10:00,5,0,5,3
2847,2026-06-10 21:15:00,2,0,2,1
2848,2026-06-10 21:20:00,3,0,2,2
2849,2026-06-10 21:25:00,0,0,0,0
2850,2026-06-10 21:30:00,0,0,0,0
2851,2026-06-10 21:35:00,1,0,1,0
2852,2026-06-10 21:40:00,0,0,0,0
2853,2026-06-10 21:45:00,0,0,0,0
2854,2026-06-10 21:50:00,0,0,0,0
2855,2026-06-10 21:55:00,1,0,1,1
2856,2026-06-10 22:00:00,0,0,0,0
2857,2026-06-10 22:05:00,1,0,1,0
2858,2026-06-10 22:10:00,1,0,1,0
2859,2026-06-10 22:15:00,1,0,1,0
2860,2026-06-10 22:20:00,0,0,0,0
2861,2026-06-10 22:25:00,1,0,1,1
2862,2026-06-10 22:30:00,0,0,0,0
2863,2026-06-10 22:35:00,1,0,1,0
2864,2026-06-10 22:40:00,1,0,1,0
2865,2026-06-10 22:45:00,2,0,2,0
2866,2026-06-10 22:50:00,3,0,3,1
2867,2026-06-10 22:55:00,0,0,0,0
2868,2026-06-10 23:00:00,0,0,0,0
2869,2026-06-10 23:05:00,1,0,1,0
2870,2026-06-10 23:10:00,0,0,0,0
2871,2026-06-10 23:15:00,1,0,1,0
2872,2026-06-10 23:20:00,3,0,2,2
2873,2026-06-10 23:25:00,0,0,0,0
2874,2026-06-10 23:30:00,1,0,1,1
2875,2026-06-10 23:35:00,1,0,0,1
2876,2026-06-10 23:40:00,0,0,0,0
2877,2026-06-10 23:45:00,1,0,0,1
2878,2026-06-10 23:50:00,4,0,3,3
2879,2026-06-10 23:55:00,0,0,0,0
2880,2026-06-11 00:00:00,0,0,0,0
2881,2026-06-11 00:05:00,1,0,1,0
2882,2026-06-11 00:10:00,0,0,0,0
2883,2026-06-11 00:15:00,2,0,2,1
2884,2026-06-11 00:20:00,1,0,1,1
2885,2026-06-11 00:25:00,0,0,0,0
2886,2026-06-11 00:30:00,0,0,0,0
2887,2026-06-11 00:35:00,1,0,1,0
2888,2026-06-11 00:40:00,0,0,0,0
2889,2026-06-11 00:45:00,0,0,0,0
2890,2026-06-11 00:50:00,0,0,0,0
2891,2026-06-11 00:55:00,0,0,0,0
2892,2026-06-11 01:00:00,1,0,1,1
2893,2026-06-11 01:05:00,0,0,0,0
2894,2026-06-11 01:10:00,1,0,1,1
2895,2026-06-11 01:15:00,0,0,0,0
2896,2026-06-11 01:20:00,1,0,1,1
2897,2026-06-11 01:25:00,0,0,0,0
2898,2026-06-11 01:30:00,1,0,1,1
2899,2026-06-11 01:35:00,0,0,0,0
2900,2026-06-11 01:40:00,1,0,1,1
2901,2026-06-11 01:45:00,0,0,0,0
2902,2026-06-11 01:50:00,2,0,2,2
2903,2026-06-11 01:55:00,0,0,0,0
2904,2026-06-11 02:00:00,2,0,2,1
2905,2026-06-11 02:05:00,0,0,0,0
2906,2026-06-11 02:10:00,0,0,0,0
2907,2026-06-11 02:15:00,1,0,1,1
2908,2026-06-11 02:20:00,1,0,1,1
2909,2026-06-11 02:25:00,0,0,0,0
2910,2026-06-11 02:30:00,3,0,3,1
2911,2026-06-11 02:35:00,0,0,0,0
2912,2026-06-11 02:40:00,0,0,0,0
2913,2026-06-11 02:45:00,1,0,1,0
2914,2026-06-11 02:50:00,0,0,0,0
2915,2026-06-11 02:55:00,1,0,1,0
2916,2026-06-11 03:00:00,2,0,2,2
2917,2026-06-11 03:05:00,0,0,0,0
2918,2026-06-11 03:10:00,1,0,1,1
2919,2026-06-11 03:15:00,1,0,1,0
2920,2026-06-11 03:20:00,2,0,2,2
2921,2026-06-11 03:25:00,2,0,2,2
2922,2026-06-11 03:30:00,0,0,0,0
2923,2026-06-11 03:35:00,0,0,0,0
2924,2026-06-11 03:40:00,0,0,0,0
2925,2026-06-11 03:45:00,0,0,0,0
2926,2026-06-11 03:50:00,0,0,0,0
2927,2026-06-11 03:55:00,0,0,0,0
2928,2026-06-11 04:00:00,0,0,0,0
2929,2026-06-11 04:05:00,1,0,1,1
2930,2026-06-11 04:10:00,0,0,0,0
2931,2026-06-11 04:15:00,2,0,2,1
2932,2026-06-11 04:20:00,0,0,0,0
2933,2026-06-11 04:25:00,0,0,0,0
2934,2026-06-11 04:30:00,0,0,0,0
2935,2026-06-11 04:35:00,0,0,0,0
2936,2026-06-11 04:40:00,1,0,1,0
2937,2026-06-11 04:45:00,1,0,1,1
2938,2026-06-11 04:50:00,3,0,3,2
2939,2026-06-11 04:55:00,0,0,0,0
2940,2026-06-11 05:00:00,2,0,2,1
2941,2026-06-11 05:05:00,1,0,1,1
2942,2026-06-11 05:10:00,0,0,0,0
2943,2026-06-11 05:15:00,1,0,1,0
2944,2026-06-11 05:20:00,2,0,2,2
2945,2026-06-11 05:25:00,0,0,0,0
2946,2026-06-11 05:30:00,0,0,0,0
2947,2026-06-11 05:35:00,0,0,0,0
2948,2026-06-11 05:40:00,1,0,1,1
2949,2026-06-11 05:45:00,1,0,1,0
2950,2026-06-11 05:50:00,2,0,2,2
2951,2026-06-11 05:55:00,0,0,0,0
2952,2026-06-11 06:00:00,0,0,0,0
2953,2026-06-11 06:05:00,1,0,1,0
2954,2026-06-11 06:10:00,1,0,1,1
2955,2026-06-11 06:15:00,0,0,0,0
2956,2026-06-11 06:20:00,1,0,1,1
2957,2026-06-11 06:25:00,3,0,3,1
2958,2026-06-11 06:30:00,0,0,0,0
2959,2026-06-11 06:35:00,0,0,0,0
2960,2026-06-11 06:40:00,0,0,0,0
2961,2026-06-11 06:45:00,0,0,0,0
2962,2026-06-11 06:50:00,1,0,1,1
2963,2026-06-11 06:55:00,0,0,0,0
2964,2026-06-11 07:00:00,2,0,2,0
2965,2026-06-11 07:05:00,0,0,0,0
2966,2026-06-11 07:10:00,1,0,1,0
2967,2026-06-11 07:15:00,1,0,1,0
2968,2026-06-11 07:20:00,1,0,1,1
2969,2026-06-11 07:25:00,1,0,1,1
2970,2026-06-11 07:30:00,1,0,1,0
2971,2026-06-11 07:35:00,0,0,0,0
2972,2026-06-11 07:40:00,3,0,3,1
2973,2026-06-11 07:45:00,2,0,2,1
2974,2026-06-11 07:50:00,0,0,0,0
2975,2026-06-11 07:55:00,1,0,1,0
2976,2026-06-11 08:00:00,1,0,0,1
2977,2026-06-11 08:05:00,2,0,2,1
2978,2026-06-11 08:10:00,3,0,3,2
2979,2026-06-11 08:15:00,0,0,0,0
2980,2026-06-11 08:20:00,2,0,2,2
2981,2026-06-11 08:25:00,1,0,1,1
2982,2026-06-11 08:30:00,1,0,1,0
2983,2026-06-11 08:35:00,0,0,0,0
2984,2026-06-11 08:40:00,1,0,1,1
2985,2026-06-11 08:45:00,2,0,2,2
2986,2026-06-11 08:50:00,1,0,1,0
2987,2026-06-11 08:55:00,0,0,0,0
2988,2026-06-11 09:00:00,3,0,1,3
2989,2026-06-11 09:05:00,3,0,2,2
2990,2026-06-11 09:10:00,2,0,2,1
2991,2026-06-11 09:15:00,1,0,1,0
2992,2026-06-11 09:20:00,0,0,0,0
2993,2026-06-11 09:25:00,1,0,0,1
2994,2026-06-11 09:30:00,2,0,1,2
2995,2026-06-11 09:35:00,4,0,4,4
2996,2026-06-11 09:40:00,2,0,1,2
2997,2026-06-11 09:45:00,4,0,4,4
2998,2026-06-11 09:50:00,6,0,5,5
2999,2026-06-11 09:55:00,2,0,2,1
3000,2026-06-11 10:00:00,4,0,4,2
3001,2026-06-11 10:05:00,4,0,4,3
3002,2026-06-11 10:10:00,5,0,5,2
3003,2026-06-11 10:15:00,2,0,2,1
3004,2026-06-11 10:20:00,3,0,3,2
3005,2026-06-11 10:25:00,5,0,5,2
3006,2026-06-11 10:30:00,3,0,3,2
3007,2026-06-11 10:35:00,6,0,6,6
3008,2026-06-11 10:40:00,4,0,4,1
3009,2026-06-11 10:45:00,1,0,1,1
3010,2026-06-11 10:50:00,3,0,3,2
3011,2026-06-11 10:55:00,4,0,4,2
3012,2026-06-11 11:00:00,0,0,0,0
3013,2026-06-11 11:05:00,3,0,3,3
3014,2026-06-11 11:10:00,2,0,2,1
3015,2026-06-11 11:15:00,1,0,1,0
3016,2026-06-11 11:20:00,0,0,0,0
3017,2026-06-11 11:25:00,2,0,2,1
3018,2026-06-11 11:30:00,4,0,4,3
3019,2026-06-11 11:35:00,3,0,3,1
3020,2026-06-11 11:40:00,5,0,5,3
3021,2026-06-11 11:45:00,0,0,0,0
3022,2026-06-11 11:50:00,3,0,3,2
3023,2026-06-11 11:55:00,3,0,3,2
3024,2026-06-11 12:00:00,1,0,1,1
3025,2026-06-11 12:05:00,3,0,1,3
3026,2026-06-11 12:10:00,2,0,2,2
3027,2026-06-11 12:15:00,0,0,0,0
3028,2026-06-11 12:20:00,2,0,1,1
3029,2026-06-11 12:25:00,2,0,2,1
3030,2026-06-11 12:30:00,1,0,1,1
3031,2026-06-11 12:35:00,3,0,1,3
3032,2026-06-11 12:40:00,3,0,3,1
3033,2026-06-11 12:45:00,1,0,0,1
3034,2026-06-11 12:50:00,1,0,1,0
3035,2026-06-11 12:55:00,3,0,3,2
3036,2026-06-11 13:00:00,1,0,1,0
3037,2026-06-11 13:05:00,3,0,3,0
3038,2026-06-11 13:10:00,2,0,2,1
3039,2026-06-11 13:15:00,1,0,1,1
3040,2026-06-11 13:20:00,5,0,5,4
3041,2026-06-11 13:25:00,2,0,2,1
3042,2026-06-11 13:30:00,3,0,3,2
3043,2026-06-11 13:35:00,4,0,4,2
3044,2026-06-11 13:40:00,1,0,1,0
3045,2026-06-11 13:45:00,3,0,3,3
3046,2026-06-11 13:50:00,2,0,2,0
3047,2026-06-11 13:55:00,3,0,3,2
3048,2026-06-11 14:00:00,2,0,2,2
3049,2026-06-11 14:05:00,2,0,2,1
3050,2026-06-11 14:10:00,0,0,0,0
3051,2026-06-11 14:15:00,3,0,2,2
3052,2026-06-11 14:20:00,0,0,0,0
3053,2026-06-11 14:25:00,4,0,4,3
3054,2026-06-11 14:30:00,2,0,1,2
3055,2026-06-11 14:35:00,2,0,1,2
3056,2026-06-11 14:40:00,2,0,1,2
3057,2026-06-11 14:45:00,3,0,2,2
3058,2026-06-11 14:50:00,2,0,2,1
3059,2026-06-11 14:55:00,3,0,3,2
3060,2026-06-11 15:00:00,0,0,0,0
3061,2026-06-11 15:05:00,1,0,1,0
3062,2026-06-11 15:10:00,2,0,2,2
3063,2026-06-11 15:15:00,4,0,3,3
3064,2026-06-11 15:20:00,2,0,2,2
3065,2026-06-11 15:25:00,1,0,1,0
3066,2026-06-11 15:30:00,3,0,2,2
3067,2026-06-11 15:35:00,3,0,2,2
3068,2026-06-11 15:40:00,4,0,4,2
3069,2026-06-11 15:45:00,3,0,3,1
3070,2026-06-11 15:50:00,1,0,1,1
3071,2026-06-11 15:55:00,4,0,3,2
3072,2026-06-11 16:00:00,2,0,2,2
3073,2026-06-11 16:05:00,0,0,0,0
3074,2026-06-11 16:10:00,3,0,3,3
3075,2026-06-11 16:15:00,2,0,2,2
3076,2026-06-11 16:20:00,1,0,1,1
3077,2026-06-11 16:25:00,4,0,3,3
3078,2026-06-11 16:30:00,3,0,3,2
3079,2026-06-11 16:35:00,3,0,3,3
3080,2026-06-11 16:40:00,1,0,1,0
3081,2026-06-11 16:45:00,1,0,1,1
3082,2026-06-11 16:50:00,1,0,1,1
3083,2026-06-11 16:55:00,2,0,1,2
3084,2026-06-11 17:00:00,3,0,3,2
3085,2026-06-11 17:05:00,4,0,4,4
3086,2026-06-11 17:10:00,5,0,3,4
3087,2026-06-11 17:15:00,3,0,3,2
3088,2026-06-11 17:20:00,3,0,2,2
3089,2026-06-11 17:25:00,2,0,2,1
3090,2026-06-11 17:30:00,1,0,1,1
3091,2026-06-11 17:35:00,3,0,2,2
3092,2026-06-11 17:40:00,5,0,5,4
3093,2026-06-11 17:45:00,7,0,5,5
3094,2026-06-11 17:50:00,3,0,3,2
3095,2026-06-11 17:55:00,2,0,2,2
3096,2026-06-11 18:00:00,2,0,2,0
3097,2026-06-11 18:05:00,0,0,0,0
3098,2026-06-11 18:10:00,0,0,0,0
3099,2026-06-11 18:15:00,1,0,0,1
3100,2026-06-11 18:20:00,1,0,1,0
3101,2026-06-11 18:25:00,0,0,0,0
3102,2026-06-11 18:30:00,1,0,1,0
3103,2026-06-11 18:35:00,0,0,0,0
3104,2026-06-11 18:40:00,2,0,2,1
3105,2026-06-11 18:45:00,0,0,0,0
3106,2026-06-11 18:50:00,0,0,0,0
3107,2026-06-11 18:55:00,1,0,1,0
3108,2026-06-11 19:00:00,1,0,1,0
3109,2026-06-11 19:05:00,1,0,1,1
3110,2026-06-11 19:10:00,3,0,3,0
3111,2026-06-11 19:15:00,0,0,0,0
3112,2026-06-11 19:20:00,3,0,3,2
3113,2026-06-11 19:25:00,0,0,0,0
3114,2026-06-11 19:30:00,1,0,1,0
3115,2026-06-11 19:35:00,1,0,1,1
3116,2026-06-11 19:40:00,0,0,0,0
3117,2026-06-11 19:45:00,0,0,0,0
3118,2026-06-11 19:50:00,0,0,0,0
3119,2026-06-11 19:55:00,0,0,0,0
3120,2026-06-11 20:00:00,25,25,25,25
3121,2026-06-11 20:05:00,25,25,25,25
3122,2026-06-11 20:10:00,25,25,25,25
3123,2026-06-11 20:15:00,2,0,2,1
3124,2026-06-11 20:20:00,2,0,2,1
3125,2026-06-11 20:25:00,2,0,2,1
3126,2026-06-11 20:30:00,2,0,2,1
3127,2026-06-11 20:35:00,0,0,0,0
3128,2026-06-11 20:40:00,0,0,0,0
3129,2026-06-11 20:45:00,0,0,0,0
3130,2026-06-11 20:50:00,1,0,1,0
3131,2026-06-11 20:55:00,2,0,2,1
3132,2026-06-11 21:00:00,0,0,0,0
3133,2026-06-11 21:05:00,0,0,0,0
3134,2026-06-11 21:10:00,0,0,0,0
3135,2026-06-11 21:15:00,0,0,0,0
3136,2026-06-11 21:20:00,0,0,0,0
3137,2026-06-11 21:25:00,1,0,1,1
3138,2026-06-11 21:30:00,2,0,2,0
3139,2026-06-11 21:35:00,1,0,1,0
3140,2026-06-11 21:40:00,1,0,1,1
3141,2026-06-11 21:45:00,0,0,0,0
3142,2026-06-11 21:50:00,2,0,2,2
3143,2026-06-11 21:55:00,0,0,0,0
3144,2026-06-11 22:00:00,2,0,2,1
3145,2026-06-11 22:05:00,2,0,2,2
3146,2026-06-11 22:10:00,0,0,0,0
3147,2026-06-11 22:15:00,0,0,0,0
3148,2026-06-11 22:20:00,4,0,4,1
3149,2026-06-11 22:25:00,3,0,3,1
3150,2026-06-11 22:30:00,1,0,1,0
3151,2026-06-11 22:35:00,1,0,1,1
3152,2026-06-11 22:40:00,1,0,1,1
3153,2026-06-11 22:45:00,0,0,0,0
3154,2026-06-11 22:50:00,1,0,1,0
3155,2026-06-11 22:55:00,3,0,3,2
3156,2026-06-11 23:00:00,1,0,1,1
3157,2026-06-11 23:05:00,1,0,1,1
3158,2026-06-11 23:10:00,3,0,3,2
3159,2026-06-11 23:15:00,2,0,2,2
3160,2026-06-11 23:20:00,0,0,0,0
3161,2026-06-11 23:25:00,1,0,1,1
3162,2026-06-11 23:30:00,1,0,1,0
3163,2026-06-11 23:35:00,1,0,1,1
3164,2026-06-11 23:40:00,1,0,1,0
3165,2026-06-11 23:45:00,2,0,2,2
3166,2026-06-11 23:50:00,0,0,0,0
3167,2026-06-11 23:55:00,1,0,1,0
3168,2026-06-12 00:00:00,0,0,0,0
3169,2026-06-12 00:05:00,1,0,1,0
3170,2026-06-12 00:10:00,0,0,0,0
3171,2026-06-12 00:15:00,1,0,1,1
3172,2026-06-12 00:20:00,1,0,1,0
3173,2026-06-12 00:25:00,0,0,0,0
3174,2026-06-12 00:30:00,1,0,1,0
3175,2026-06-12 00:35:00,1,0,1,1
3176,2026-06-12 00:40:00,1,0,1,1
3177,2026-06-12 00:45:00,2,0,2,1
3178,2026-06-12 00:50:00,2,0,2,1
3179,2026-06-12 00:55:00,0,0,0,0
3180,2026-06-12 01:00:00,1,0,1,1
3181,2026-06-12 01:05:00,1,0,1,0
3182,2026-06-12 01:10:00,0,0,0,0
3183,2026-06-12 01:15:00,0,0,0,0
3184,2026-06-12 01:20:00,0,0,0,0
3185,2026-06-12 01:25:00,2,0,2,1
3186,2026-06-12 01:30:00,0,0,0,0
3187,2026-06-12 01:35:00,1,0,1,1
3188,2026-06-12 01:40:00,1,0,1,0
3189,2026-06-12 01:45:00,0,0,0,0
3190,2026-06-12 01:50:00,1,0,1,1
3191,2026-06-12 01:55:00,2,0,2,1
3192,2026-06-12 02:00:00,2,0,2,1
3193,2026-06-12 02:05:00,1,0,1,1
3194,2026-06-12 02:10:00,0,0,0,0
3195,2026-06-12 02:15:00,1,0,1,1
3196,2026-06-12 02:20:00,0,0,0,0
3197,2026-06-12 02:25:00,1,0,1,0
3198,2026-06-12 02:30:00,1,0,1,0
3199,2026-06-12 02:35:00,0,0,0,0
3200,2026-06-12 02:40:00,1,0,0,1
3201,2026-06-12 02:45:00,1,0,1,1
3202,2026-06-12 02:50:00,1,0,1,1
3203,2026-06-12 02:55:00,2,0,2,2
3204,2026-06-12 03:00:00,16,11,12,11
3205,2026-06-12 03:05:00,9,0,9,9
3206,2026-06-12 03:10:00,12,0,11,10
3207,2026-06-12 03:15:00,8,0,7,8
3208,2026-06-12 03:20:00,14,8,11,11
3209,2026-06-12 03:25:00,9,0,9,9
3210,2026-06-12 03:30:00,10,0,8,9
3211,2026-06-12 03:35:00,17,17,14,11
3212,2026-06-12 03:40:00,7,0,7,6
3213,2026-06-12 03:45:00,9,0,9,9
3214,2026-06-12 03:50:00,12,0,12,9
3215,2026-06-12 03:55:00,14,8,13,11
3216,2026-06-12 04:00:00,12,0,11,10
3217,2026-06-12 04:05:00,9,0,9,9
3218,2026-06-12 04:10:00,10,0,8,9
3219,2026-06-12 04:15:00,11,0,11,9
3220,2026-06-12 04:20:00,10,0,10,9
3221,2026-06-12 04:25:00,17,17,13,11
3222,2026-06-12 04:30:00,14,8,12,11
3223,2026-06-12 04:35:00,10,0,10,8
3224,2026-06-12 04:40:00,14,9,11,9
3225,2026-06-12 04:45:00,11,8,8,8
3226,2026-06-12 04:50:00,11,0,10,11
3227,2026-06-12 04:55:00,10,0,9,9
3228,2026-06-12 05:00:00,2,0,2,1
3229,2026-06-12 05:05:00,0,0,0,0
3230,2026-06-12 05:10:00,1,0,1,1
3231,2026-06-12 05:15:00,1,0,1,0
3232,2026-06-12 05:20:00,1,0,1,1
3233,2026-06-12 05:25:00,0,0,0,0
3234,2026-06-12 05:30:00,2,0,2,0
3235,2026-06-12 05:35:00,1,0,1,1
3236,2026-06-12 05:40:00,0,0,0,0
3237,2026-06-12 05:45:00,0,0,0,0
3238,2026-06-12 05:50:00,0,0,0,0
3239,2026-06-12 05:55:00,0,0,0,0
3240,2026-06-12 06:00:00,0,0,0,0
3241,2026-06-12 06:05:00,0,0,0,0
3242,2026-06-12 06:10:00,1,0,1,1
3243,2026-06-12 06:15:00,1,0,1,1
3244,2026-06-12 06:20:00,1,0,1,0
3245,2026-06-12 06:25:00,0,0,0,0
3246,2026-06-12 06:30:00,0,0,0,0
3247,2026-06-12 06:35:00,1,0,1,1
3248,2026-06-12 06:40:00,1,0,1,0
3249,2026-06-12 06:45:00,0,0,0,0
3250,2026-06-12 06:50:00,1,0,1,1
3251,2026-06-12 06:55:00,0,0,0,0
3252,2026-06-12 07:00:00,3,0,3,0
3253,2026-06-12 07:05:00,0,0,0,0
3254,2026-06-12 07:10:00,0,0,0,0
3255,2026-06-12 07:15:00,0,0,0,0
3256,2026-06-12 07:20:00,2,0,2,0
3257,2026-06-12 07:25:00,1,0,1,1
3258,2026-06-12 07:30:00,0,0,0,0
3259,2026-06-12 07:35:00,0,0,0,0
3260,2026-06-12 07:40:00,0,0,0,0
3261,2026-06-12 07:45:00,0,0,0,0
3262,2026-06-12 07:50:00,0,0,0,0
3263,2026-06-12 07:55:00,2,0,2,1
3264,2026-06-12 08:00:00,3,0,3,2
3265,2026-06-12 08:05:00,2,0,2,1
3266,2026-06-12 08:10:00,0,0,0,0
3267,2026-06-12 08:15:00,4,0,4,1
3268,2026-06-12 08:20:00,2,0,2,2
3269,2026-06-12 08:25:00,0,0,0,0
3270,2026-06-12 08:30:00,2,0,2,1
3271,2026-06-12 08:35:00,1,0,1,1
3272,2026-06-12 08:40:00,0,0,0,0
3273,2026-06-12 08:45:00,0,0,0,0
3274,2026-06-12 08:50:00,0,0,0,0
3275,2026-06-12 08:55:00,0,0,0,0
3276,2026-06-12 09:00:00,1,0,1,1
3277,2026-06-12 09:05:00,5,0,5,4
3278,2026-06-12 09:10:00,2,0,2,2
3279,2026-06-12 09:15:00,3,0,3,3
3280,2026-06-12 09:20:00,2,0,2,1
3281,2026-06-12 09:25:00,1,0,1,0
3282,2026-06-12 09:30:00,2,0,2,1
3283,2026-06-12 09:35:00,2,0,2,2
3284,2026-06-12 09:40:00,3,0,3,2
3285,2026-06-12 09:45:00,2,0,2,1
3286,2026-06-12 09:50:00,2,0,2,2
3287,2026-06-12 09:55:00,1,0,1,1
3288,2026-06-12 10:00:00,6,0,6,4
3289,2026-06-12 10:05:00,3,0,3,3
3290,2026-06-12 10:10:00,0,0,0,0
3291,2026-06-12 10:15:00,3,0,3,3
3292,2026-06-12 10:20:00,3,0,3,2
3293,2026-06-12 10:25:00,6,0,6,4
3294,2026-06-12 10:30:00,1,0,1,0
3295,2026-06-12 10:35:00,3,0,2,2
3296,2026-06-12 10:40:00,2,0,1,1
3297,2026-06-12 10:45:00,3,0,2,2
3298,2026-06-12 10:50:00,3,0,3,1
3299,2026-06-12 10:55:00,3,0,3,1
3300,2026-06-12 11:00:00,2,0,2,2
3301,2026-06-12 11:05:00,4,0,4,3
3302,2026-06-12 11:10:00,1,0,1,0
3303,2026-06-12 11:15:00,4,0,4,3
3304,2026-06-12 11:20:00,2,0,2,1
3305,2026-06-12 11:25:00,3,0,3,3
3306,2026-06-12 11:30:00,6,0,6,2
3307,2026-06-12 11:35:00,3,0,2,2
3308,2026-06-12 11:40:00,4,0,4,4
3309,2026-06-12 11:45:00,2,0,2,1
3310,2026-06-12 11:50:00,3,0,3,2
3311,2026-06-12 11:55:00,2,0,2,1
3312,2026-06-12 12:00:00,3,0,2,3
3313,2026-06-12 12:05:00,1,0,1,1
3314,2026-06-12 12:10:00,3,0,3,1
3315,2026-06-12 12:15:00,1,0,1,0
3316,2026-06-12 12:20:00,4,0,4,2
3317,2026-06-12 12:25:00,1,0,1,1
3318,2026-06-12 12:30:00,5,0,5,2
3319,2026-06-12 12:35:00,4,0,4,1
3320,2026-06-12 12:40:00,3,0,3,2
3321,2026-06-12 12:45:00,2,0,2,1
3322,2026-06-12 12:50:00,3,0,2,2
3323,2026-06-12 12:55:00,1,0,1,1
3324,2026-06-12 13:00:00,3,0,2,1
3325,2026-06-12 13:05:00,3,0,3,2
3326,2026-06-12 13:10:00,3,0,3,2
3327,2026-06-12 13:15:00,3,0,3,0
3328,2026-06-12 13:20:00,2,0,2,1
3329,2026-06-12 13:25:00,2,0,2,0
3330,2026-06-12 13:30:00,3,0,3,0
3331,2026-06-12 13:35:00,5,0,4,4
3332,2026-06-12 13:40:00,5,0,4,4
3333,2026-06-12 13:45:00,5,0,5,3
3334,2026-06-12 13:50:00,1,0,1,1
3335,2026-06-12 13:55:00,3,0,3,2
3336,2026-06-12 14:00:00,1,0,1,1
3337,2026-06-12 14:05:00,3,0,1,3
3338,2026-06-12 14:10:00,2,0,2,2
3339,2026-06-12 14:15:00,3,0,2,3
3340,2026-06-12 14:20:00,2,0,2,1
3341,2026-06-12 14:25:00,3,0,2,3
3342,2026-06-12 14:30:00,6,0,5,6
3343,2026-06-12 14:35:00,2,0,0,2
3344,2026-06-12 14:40:00,1,0,1,1
3345,2026-06-12 14:45:00,4,0,3,2
3346,2026-06-12 14:50:00,2,0,0,2
3347,2026-06-12 14:55:00,1,0,1,1
3348,2026-06-12 15:00:00,1,0,1,1
3349,2026-06-12 15:05:00,5,0,3,4
3350,2026-06-12 15:10:00,0,0,0,0
3351,2026-06-12 15:15:00,2,0,2,1
3352,2026-06-12 15:20:00,2,0,2,2
3353,2026-06-12 15:25:00,2,0,1,2
3354,2026-06-12 15:30:00,1,0,1,1
3355,2026-06-12 15:35:00,3,0,3,2
3356,2026-06-12 15:40:00,1,0,1,1
3357,2026-06-12 15:45:00,2,0,1,2
3358,2026-06-12 15:50:00,2,0,1,2
3359,2026-06-12 15:55:00,3,0,3,2
3360,2026-06-12 16:00:00,2,0,2,2
3361,2026-06-12 16:05:00,2,0,2,2
3362,2026-06-12 16:10:00,0,0,0,0
3363,2026-06-12 16:15:00,0,0,0,0
3364,2026-06-12 16:20:00,4,0,4,4
3365,2026-06-12 16:25:00,0,0,0,0
3366,2026-06-12 16:30:00,2,0,1,2
3367,2026-06-12 16:35:00,5,0,5,5
3368,2026-06-12 16:40:00,1,0,1,1
3369,2026-06-12 16:45:00,2,0,1,2
3370,2026-06-12 16:50:00,3,0,2,3
3371,2026-06-12 16:55:00,2,0,1,2
3372,2026-06-12 17:00:00,1,0,1,1
3373,2026-06-12 17:05:00,4,0,4,3
3374,2026-06-12 17:10:00,3,0,3,1
3375,2026-06-12 17:15:00,6,0,4,4
3376,2026-06-12 17:20:00,2,0,2,0
3377,2026-06-12 17:25:00,1,0,1,0
3378,2026-06-12 17:30:00,4,0,3,3
3379,2026-06-12 17:35:00,2,0,2,2
3380,2026-06-12 17:40:00,3,0,3,1
3381,2026-06-12 17:45:00,3,0,3,2
3382,2026-06-12 17:50:00,4,0,3,3
3383,2026-06-12 17:55:00,2,0,1,2
3384,2026-06-12 18:00:00,0,0,0,0
3385,2026-06-12 18:05:00,0,0,0,0
3386,2026-06-12 18:10:00,2,0,2,1
3387,2026-06-12 18:15:00,0,0,0,0
3388,2026-06-12 18:20:00,2,0,2,2
3389,2026-06-12 18:25:00,2,0,2,0
3390,2026-06-12 18:30:00,0,0,0,0
3391,2026-06-12 18:35:00,1,0,1,0
3392,2026-06-12 18:40:00,0,0,0,0
3393,2026-06-12 18:45:00,2,0,2,1
3394,2026-06-12 18:50:00,2,0,2,1
3395,2026-06-12 18:55:00,0,0,0,0
3396,2026-06-12 19:00:00,5,0,4,3
3397,2026-06-12 19:05:00,2,0,2,1
3398,2026-06-12 19:10:00,0,0,0,0
3399,2026-06-12 19:15:00,0,0,0,0
3400,2026-06-12 19:20:00,2,0,2,1
3401,2026-06-12 19:25:00,1,0,1,0
3402,2026-06-12 19:30:00,0,0,0,0
3403,2026-06-12 19:35:00,1,0,1,0
3404,2026-06-12 19:40:00,1,0,1,0
3405,2026-06-12 19:45:00,0,0,0,0
3406,2026-06-12 19:50:00,1,0,1,0
3407,2026-06-12 19:55:00,2,0,2,1
3408,2026-06-12 20:00:00,1,0,1,0
3409,2026-06-12 20:05:00,2,0,2,1
3410,2026-06-12 20:10:00,3,0,3,1
3411,2026-06-12 20:15:00,0,0,0,0
3412,2026-06-12 20:20:00,2,0,2,1
3413,2026-06-12 20:25:00,1,0,1,0
3414,2026-06-12 20:30:00,3,0,2,1
3415,2026-06-12 20:35:00,0,0,0,0
3416,2026-06-12 20:40:00,2,0,2,1
3417,2026-06-12 20:45:00,2,0,2,0
3418,2026-06-12 20:50:00,1,0,1,0
3419,2026-06-12 20:55:00,1,0,1,1
3420,2026-06-12 21:00:00,2,0,2,0
3421,2026-06-12 21:05:00,1,0,1,1
3422,2026-06-12 21:10:00,0,0,0,0
3423,2026-06-12 21:15:00,0,0,0,0
3424,2026-06-12 21:20:00,0,0,0,0
3425,2026-06-12 21:25:00,0,0,0,0
3426,2026-06-12 21:30:00,1,0,1,0
3427,2026-06-12 21:35:00,1,0,1,0
3428,2026-06-12 21:40:00,2,0,2,0
3429,2026-06-12 21:45:00,2,0,2,0
3430,2026-06-12 21:50:00,2,0,2,1
3431,2026-06-12 21:55:00,0,0,0,0
3432,2026-06-12 22:00:00,0,0,0,0
3433,2026-06-12 22:05:00,2,0,2,1
3434,2026-06-12 22:10:00,1,0,1,1
3435,2026-06-12 22:15:00,2,0,2,1
3436,2026-06-12 22:20:00,1,0,1,1
3437,2026-06-12 22:25:00,0,0,0,0
3438,2026-06-12 22:30:00,0,0,0,0
3439,2026-06-12 22:35:00,1,0,1,0
3440,2026-06-12 22:40:00,3,0,3,2
3441,2026-06-12 22:45:00,0,0,0,0
3442,2026-06-12 22:50:00,0,0,0,0
3443,2026-06-12 22:55:00,3,0,3,1
3444,2026-06-12 23:00:00,0,0,0,0
3445,2026-06-12 23:05:00,2,0,2,0
3446,2026-06-12 23:10:00,0,0,0,0
3447,2026-06-12 23:15:00,2,0,2,2
3448,2026-06-12 23:20:00,2,0,2,0
3449,2026-06-12 23:25:00,1,0,1,1
3450,2026-06-12 23:30:00,4,0,3,2
3451,2026-06-12 23:35:00,0,0,0,0
3452,2026-06-12 23:40:00,2,0,2,0
3453,2026-06-12 23:45:00,2,0,2,0
3454,2026-06-12 23:50:00,2,0,2,1
3455,2026-06-12 23:55:00,1,0,1,1
3456,2026-06-13 00:00:00,1,0,1,0
3457,2026-06-13 00:05:00,2,0,2,1
3458,2026-06-13 00:10:00,0,0,0,0
3459,2026-06-13 00:15:00,3,0,3,1
3460,2026-06-13 00:20:00,1,0,1,1
3461,2026-06-13 00:25:00,0,0,0,0
3462,2026-06-13 00:30:00,1,0,1,1
3463,2026-06-13 00:35:00,0,0,0,0
3464,2026-06-13 00:40:00,0,0,0,0
3465,2026-06-13 00:45:00,2,0,2,2
3466,2026-06-13 00:50:00,1,0,1,0
3467,2026-06-13 00:55:00,1,0,1,0
3468,2026-06-13 01:00:00,0,0,0,0
3469,2026-06-13 01:05:00,2,0,2,1
3470,2026-06-13 01:10:00,1,0,1,0
3471,2026-06-13 01:15:00,0,0,0,0
3472,2026-06-13 01:20:00,0,0,0,0
3473,2026-06-13 01:25:00,2,0,2,0
3474,2026-06-13 01:30:00,2,0,2,0
3475,2026-06-13 01:35:00,2,0,2,1
3476,2026-06-13 01:40:00,0,0,0,0
3477,2026-06-13 01:45:00,3,0,3,1
3478,2026-06-13 01:50:00,1,0,1,0
3479,2026-06-13 01:55:00,2,0,2,0
3480,2026-06-13 02:00:00,1,0,1,0
3481,2026-06-13 02:05:00,2,0,2,0
3482,2026-06-13 02:10:00,2,0,1,1
3483,2026-06-13 02:15:00,0,0,0,0
3484,2026-06-13 02:20:00,1,0,1,1
3485,2026-06-13 02:25:00,1,0,1,1
3486,2026-06-13 02:30:00,0,0,0,0
3487,2026-06-13 02:35:00,0,0,0,0
3488,2026-06-13 02:40:00,0,0,0,0
3489,2026-06-13 02:45:00,0,0,0,0
3490,2026-06-13 02:50:00,2,0,2,0
3491,2026-06-13 02:55:00,0,0,0,0
3492,2026-06-13 03:00:00,0,0,0,0
3493,2026-06-13 03:05:00,1,0,1,1
3494,2026-06-13 03:10:00,2,0,2,2
3495,2026-06-13 03:15:00,1,0,1,0
3496,2026-06-13 03:20:00,1,0,1,1
3497,2026-06-13 03:25:00,0,0,0,0
3498,2026-06-13 03:30:00,0,0,0,0
3499,2026-06-13 03:35:00,0,0,0,0
3500,2026-06-13 03:40:00,0,0,0,0
3501,2026-06-13 03:45:00,0,0,0,0
3502,2026-06-13 03:50:00,0,0,0,0
3503,2026-06-13 03:55:00,1,0,1,0
3504,2026-06-13 04:00:00,2,0,2,0
3505,2026-06-13 04:05:00,1,0,1,0
3506,2026-06-13 04:10:00,1,0,1,1
3507,2026-06-13 04:15:00,3,0,3,0
3508,2026-06-13 04:20:00,0,0,0,0
3509,2026-06-13 04:25:00,0,0,0,0
3510,2026-06-13 04:30:00,3,0,2,2
3511,2026-06-13 04:35:00,0,0,0,0
3512,2026-06-13 04:40:00,0,0,0,0
3513,2026-06-13 04:45:00,1,0,1,0
3514,2026-06-13 04:50:00,1,0,1,0
3515,2026-06-13 04:55:00,0,0,0,0
3516,2026-06-13 05:00:00,3,0,3,3
3517,2026-06-13 05:05:00,2,0,2,1
3518,2026-06-13 05:10:00,1,0,1,1
3519,2026-06-13 05:15:00,1,0,1,0
3520,2026-06-13 05:20:00,1,0,1,1
3521,2026-06-13 05:25:00,0,0,0,0
3522,2026-06-13 05:30:00,0,0,0,0
3523,2026-06-13 05:35:00,0,0,0,0
3524,2026-06-13 05:40:00,1,0,1,0
3525,2026-06-13 05:45:00,0,0,0,0
3526,2026-06-13 05:50:00,2,0,2,2
3527,2026-06-13 05:55:00,1,0,1,0
3528,2026-06-13 06:00:00,0,0,0,0
3529,2026-06-13 06:05:00,0,0,0,0
3530,2026-06-13 06:10:00,1,0,1,1
3531,2026-06-13 06:15:00,1,0,1,0
3532,2026-06-13 06:20:00,0,0,0,0
3533,2026-06-13 06:25:00,1,0,1,0
3534,2026-06-13 06:30:00,0,0,0,0
3535,2026-06-13 06:35:00,2,0,2,2
3536,2026-06-13 06:40:00,0,0,0,0
3537,2026-06-13 06:45:00,0,0,0,0
3538,2026-06-13 06:50:00,0,0,0,0
3539,2026-06-13 06:55:00,2,0,2,1
3540,2026-06-13 07:00:00,0,0,0,0
3541,2026-06-13 07:05:00,1,0,1,0
3542,2026-06-13 07:10:00,2,0,2,0
3543,2026-06-13 07:15:00,1,0,1,0
3544,2026-06-13 07:20:00,0,0,0,0
3545,2026-06-13 07:25:00,3,0,3,1
3546,2026-06-13 07:30:00,0,0,0,0
3547,2026-06-13 07:35:00,1,0,1,0
3548,2026-06-13 07:40:00,0,0,0,0
3549,2026-06-13 07:45:00,2,0,2,0
3550,2026-06-13 07:50:00,2,0,1,1
3551,2026-06-13 07:55:00,1,0,1,0
3552,2026-06-13 08:00:00,1,0,1,1
3553,2026-06-13 08:05:00,0,0,0,0
3554,2026-06-13 08:10:00,0,0,0,0
3555,2026-06-13 08:15:00,2,0,2,1
3556,2026-06-13 08:20:00,2,0,2,1
3557,2026-06-13 08:25:00,1,0,1,0
3558,2026-06-13 08:30:00,1,0,1,0
3559,2026-06-13 08:35:00,0,0,0,0
3560,2026-06-13 08:40:00,2,0,2,0
3561,2026-06-13 08:45:00,3,0,3,2
3562,2026-06-13 08:50:00,0,0,0,0
3563,2026-06-13 08:55:00,0,0,0,0
3564,2026-06-13 09:00:00,2,0,2,1
3565,2026-06-13 09:05:00,0,0,0,0
3566,2026-06-13 09:10:00,0,0,0,0
3567,2026-06-13 09:15:00,0,0,0,0
3568,2026-06-13 09:20:00,0,0,0,0
3569,2026-06-13 09:25:00,1,0,1,1
3570,2026-06-13 09:30:00,1,0,1,0
3571,2026-06-13 09:35:00,0,0,0,0
3572,2026-06-13 09:40:00,1,0,1,1
3573,2026-06-13 09:45:00,0,0,0,0
3574,2026-06-13 09:50:00,0,0,0,0
3575,2026-06-13 09:55:00,1,0,1,1
3576,2026-06-13 10:00:00,8,0,7,5
3577,2026-06-13 10:05:00,7,0,5,3
3578,2026-06-13 10:10:00,5,0,5,2
3579,2026-06-13 10:15:00,3,0,2,1
3580,2026-06-13 10:20:00,8,0,7,5
3581,2026-06-13 10:25:00,4,0,4,1
3582,2026-06-13 10:30:00,4,0,3,2
3583,2026-06-13 10:35:00,7,0,5,3
3584,2026-06-13 10:40:00,9,0,9,4
3585,2026-06-13 10:45:00,2,0,2,0
3586,2026-06-13 10:50:00,2,0,2,1
3587,2026-06-13 10:55:00,5,0,5,0
3588,2026-06-13 11:00:00,1,0,1,0
3589,2026-06-13 11:05:00,1,0,1,0
3590,2026-06-13 11:10:00,0,0,0,0
3591,2026-06-13 11:15:00,2,0,2,1
3592,2026-06-13 11:20:00,1,0,1,0
3593,2026-06-13 11:25:00,0,0,0,0
3594,2026-06-13 11:30:00,1,0,1,0
3595,2026-06-13 11:35:00,1,0,1,0
3596,2026-06-13 11:40:00,2,0,2,0
3597,2026-06-13 11:45:00,2,0,2,0
3598,2026-06-13 11:50:00,3,0,3,0
3599,2026-06-13 11:55:00,1,0,1,1
3600,2026-06-13 12:00:00,0,0,0,0
3601,2026-06-13 12:05:00,3,0,3,2
3602,2026-06-13 12:10:00,3,0,3,1
3603,2026-06-13 12:15:00,3,0,3,0
3604,2026-06-13 12:20:00,3,0,3,0
3605,2026-06-13 12:25:00,1,0,1,0
3606,2026-06-13 12:30:00,2,0,2,1
3607,2026-06-13 12:35:00,1,0,1,0
3608,2026-06-13 12:40:00,2,0,2,1
3609,2026-06-13 12:45:00,1,0,1,1
3610,2026-06-13 12:50:00,2,0,2,1
3611,2026-06-13 12:55:00,1,0,1,0
3612,2026-06-13 13:00:00,1,0,1,0
3613,2026-06-13 13:05:00,2,0,2,1
3614,2026-06-13 13:10:00,4,0,4,1
3615,2026-06-13 13:15:00,2,0,2,2
3616,2026-06-13 13:20:00,0,0,0,0
3617,2026-06-13 13:25:00,0,0,0,0
3618,2026-06-13 13:30:00,2,0,2,0
3619,2026-06-13 13:35:00,2,0,2,2
3620,2026-06-13 13:40:00,2,0,2,1
3621,2026-06-13 13:45:00,1,0,1,1
3622,2026-06-13 13:50:00,0,0,0,0
3623,2026-06-13 13:55:00,2,0,2,1
3624,2026-06-13 14:00:00,1,0,1,0
3625,2026-06-13 14:05:00,2,0,2,1
3626,2026-06-13 14:10:00,2,0,2,1
3627,2026-06-13 14:15:00,2,0,2,0
3628,2026-06-13 14:20:00,1,0,1,1
3629,2026-06-13 14:25:00,0,0,0,0
3630,2026-06-13 14:30:00,0,0,0,0
3631,2026-06-13 14:35:00,1,0,1,1
3632,2026-06-13 14:40:00,1,0,1,0
3633,2026-06-13 14:45:00,0,0,0,0
3634,2026-06-13 14:50:00,1,0,1,0
3635,2026-06-13 14:55:00,3,0,3,0
3636,2026-06-13 15:00:00,1,0,1,0
3637,2026-06-13 15:05:00,4,0,4,0
3638,2026-06-13 15:10:00,1,0,1,1
3639,2026-06-13 15:15:00,4,0,4,1
3640,2026-06-13 15:20:00,1,0,1,0
3641,2026-06-13 15:25:00,4,0,4,1
3642,2026-06-13 15:30:00,2,0,2,1
3643,2026-06-13 15:35:00,1,0,1,1
3644,2026-06-13 15:40:00,2,0,2,0
3645,2026-06-13 15:45:00,1,0,1,1
3646,2026-06-13 15:50:00,0,0,0,0
3647,2026-06-13 15:55:00,2,0,2,1
3648,2026-06-13 16:00:00,1,0,1,0
3649,2026-06-13 16:05:00,1,0,1,1
3650,2026-06-13 16:10:00,1,0,1,0
3651,2026-06-13 16:15:00,3,0,2,1
3652,2026-06-13 16:20:00,0,0,0,0
3653,2026-06-13 16:25:00,1,0,1,0
3654,2026-06-13 16:30:00,0,0,0,0
3655,2026-06-13 16:35:00,0,0,0,0
3656,2026-06-13 16:40:00,0,0,0,0
3657,2026-06-13 16:45:00,1,0,1,1
3658,2026-06-13 16:50:00,0,0,0,0
3659,2026-06-13 16:55:00,1,0,1,1
3660,2026-06-13 17:00:00,1,0,1,0
3661,2026-06-13 17:05:00,0,0,0,0
3662,2026-06-13 17:10:00,0,0,0,0
3663,2026-06-13 17:15:00,2,0,2,1
3664,2026-06-13 17:20:00,3,0,3,1
3665,2026-06-13 17:25:00,1,0,1,1
3666,2026-06-13 17:30:00,0,0,0,0
3667,2026-06-13 17:35:00,0,0,0,0
3668,2026-06-13 17:40:00,1,0,1,1
3669,2026-06-13 17:45:00,1,0,1,0
3670,2026-06-13 17:50:00,0,0,0,0
3671,2026-06-13 17:55:00,1,0,1,0
3672,2026-06-13 18:00:00,0,0,0,0
3673,2026-06-13 18:05:00,0,0,0,0
3674,2026-06-13 18:10:00,0,0,0,0
3675,2026-06-13 18:15:00,2,0,2,1
3676,2026-06-13 18:20:00,0,0,0,0
3677,2026-06-13 18:25:00,0,0,0,0
3678,2026-06-13 18:30:00,0,0,0,0
3679,2026-06-13 18:35:00,2,0,2,1
3680,2026-06-13 18:40:00,3,0,3,1
3681,2026-06-13 18:45:00,1,0,1,0
3682,2026-06-13 18:50:00,0,0,0,0
3683,2026-06-13 18:55:00,0,0,0,0
3684,2026-06-13 19:00:00,1,0,1,0
3685,2026-06-13 19:05:00,2,0,2,1
3686,2026-06-13 19:10:00,0,0,0,0
3687,2026-06-13 19:15:00,1,0,1,1
3688,2026-06-13 19:20:00,0,0,0,0
3689,2026-06-13 19:25:00,0,0,0,0
3690,2026-06-13 19:30:00,2,0,2,2
3691,2026-06-13 19:35:00,2,0,2,1
3692,2026-06-13 19:40:00,0,0,0,0
3693,2026-06-13 19:45:00,1,0,1,0
3694,2026-06-13 19:50:00,2,0,2,0
3695,2026-06-13 19:55:00,1,0,1,0
3696,2026-06-13 20:00:00,1,0,1,0
3697,2026-06-13 20:05:00,0,0,0,0
3698,2026-06-13 20:10:00,1,0,1,0
3699,2026-06-13 20:15:00,2,0,2,2
3700,2026-06-13 20:20:00,0,0,0,0
3701,2026-06-13 20:25:00,1,0,1,0
3702,2026-06-13 20:30:00,0,0,0,0
3703,2026-06-13 20:35:00,2,0,2,0
3704,2026-06-13 20:40:00,1,0,1,0
3705,2026-06-13 20:45:00,4,0,4,0
3706,2026-06-13 20:50:00,1,0,1,0
3707,2026-06-13 20:55:00,1,0,1,1
3708,2026-06-13 21:00:00,2,0,2,0
3709,2026-06-13 21:05:00,0,0,0,0
3710,2026-06-13 21:10:00,1,0,1,0
3711,2026-06-13 21:15:00,0,0,0,0
3712,2026-06-13 21:20:00,1,0,1,0
3713,2026-06-13 21:25:00,1,0,1,1
3714,2026-06-13 21:30:00,1,0,1,0
3715,2026-06-13 21:35:00,0,0,0,0
3716,2026-06-13 21:40:00,3,0,3,2
3717,2026-06-13 21:45:00,0,0,0,0
3718,2026-06-13 21:50:00,0,0,0,0
3719,2026-06-13 21:55:00,1,0,1,0
3720,2026-06-13 22:00:00,1,0,1,0
3721,2026-06-13 22:05:00,1,0,1,1
3722,2026-06-13 22:10:00,2,0,2,1
3723,2026-06-13 22:15:00,0,0,0,0
3724,2026-06-13 22:20:00,2,0,2,1
3725,2026-06-13 22:25:00,0,0,0,0
3726,2026-06-13 22:30:00,0,0,0,0
3727,2026-06-13 22:35:00,2,0,2,1
3728,2026-06-13 22:40:00,1,0,1,0
3729,2026-06-13 22:45:00,1,0,1,0
3730,2026-06-13 22:50:00,0,0,0,0
3731,2026-06-13 22:55:00,2,0,2,1
3732,2026-06-13 23:00:00,2,0,2,1
3733,2026-06-13 23:05:00,0,0,0,0
3734,2026-06-13 23:10:00,2,0,2,1
3735,2026-06-13 23:15:00,2,0,2,0
3736,2026-06-13 23:20:00,1,0,1,1
3737,2026-06-13 23:25:00,0,0,0,0
3738,2026-06-13 23:30:00,1,0,1,1
3739,2026-06-13 23:35:00,3,0,3,1
3740,2026-06-13 23:40:00,0,0,0,0
3741,2026-06-13 23:45:00,1,0,1,1
3742,2026-06-13 23:50:00,1,0,1,0
3743,2026-06-13 23:55:00,3,0,3,2
3744,2026-06-14 00:00:00,3,0,3,1
3745,2026-06-14 00:05:00,0,0,0,0
3746,2026-06-14 00:10:00,1,0,1,0
3747,2026-06-14 00:15:00,0,0,0,0
3748,2026-06-14 00:20:00,2,0,2,0
3749,2026-06-14 00:25:00,0,0,0,0
3750,2026-06-14 00:30:00,1,0,1,0
3751,2026-06-14 00:35:00,1,0,1,0
3752,2026-06-14 00:40:00,2,0,2,1
3753,2026-06-14 00:45:00,3,0,3,1
3754,2026-06-14 00:50:00,0,0,0,0
3755,2026-06-14 00:55:00,3,0,3,0
3756,2026-06-14 01:00:00,0,0,0,0
3757,2026-06-14 01:05:00,0,0,0,0
3758,2026-06-14 01:10:00,1,0,0,1
3759,2026-06-14 01:15:00,1,0,1,0
3760,2026-06-14 01:20:00,2,0,2,2
3761,2026-06-14 01:25:00,2,0,2,1
3762,2026-06-14 01:30:00,0,0,0,0
3763,2026-06-14 01:35:00,1,0,1,0
3764,2026-06-14 01:40:00,3,0,3,1
3765,2026-06-14 01:45:00,0,0,0,0
3766,2026-06-14 01:50:00,0,0,0,0
3767,2026-06-14 01:55:00,1,0,1,0
3768,2026-06-14 02:00:00,2,0,2,0
3769,2026-06-14 02:05:00,1,0,1,1
3770,2026-06-14 02:10:00,0,0,0,0
3771,2026-06-14 02:15:00,0,0,0,0
3772,2026-06-14 02:20:00,0,0,0,0
3773,2026-06-14 02:25:00,1,0,1,0
3774,2026-06-14 02:30:00,0,0,0,0
3775,2026-06-14 02:35:00,0,0,0,0
3776,2026-06-14 02:40:00,1,0,0,1
3777,2026-06-14 02:45:00,2,0,2,2
3778,2026-06-14 02:50:00,0,0,0,0
3779,2026-06-14 02:55:00,1,0,1,0
3780,2026-06-14 03:00:00,1,0,1,0
3781,2026-06-14 03:05:00,2,0,2,0
3782,2026-06-14 03:10:00,1,0,1,0
3783,2026-06-14 03:15:00,2,0,2,2
3784,2026-06-14 03:20:00,1,0,1,1
3785,2026-06-14 03:25:00,0,0,0,0
3786,2026-06-14 03:30:00,0,0,0,0
3787,2026-06-14 03:35:00,3,0,3,2
3788,2026-06-14 03:40:00,1,0,1,0
3789,2026-06-14 03:45:00,0,0,0,0
3790,2026-06-14 03:50:00,0,0,0,0
3791,2026-06-14 03:55:00,0,0,0,0
3792,2026-06-14 04:00:00,0,0,0,0
3793,2026-06-14 04:05:00,3,0,3,2
3794,2026-06-14 04:10:00,2,0,2,1
3795,2026-06-14 04:15:00,4,0,4,0
3796,2026-06-14 04:20:00,1,0,1,0
3797,2026-06-14 04:25:00,2,0,2,1
3798,2026-06-14 04:30:00,0,0,0,0
3799,2026-06-14 04:35:00,2,0,2,1
3800,2026-06-14 04:40:00,2,0,2,2
3801,2026-06-14 04:45:00,4,0,4,2
3802,2026-06-14 04:50:00,2,0,2,1
3803,2026-06-14 04:55:00,1,0,1,0
3804,2026-06-14 05:00:00,0,0,0,0
3805,2026-06-14 05:05:00,0,0,0,0
3806,2026-06-14 05:10:00,1,0,1,1
3807,2026-06-14 05:15:00,0,0,0,0
3808,2026-06-14 05:20:00,0,0,0,0
3809,2026-06-14 05:25:00,0,0,0,0
3810,2026-06-14 05:30:00,2,0,2,1
3811,2026-06-14 05:35:00,1,0,1,0
3812,2026-06-14 05:40:00,1,0,1,1
3813,2026-06-14 05:45:00,0,0,0,0
3814,2026-06-14 05:50:00,0,0,0,0
3815,2026-06-14 05:55:00,3,0,3,0
3816,2026-06-14 06:00:00,1,0,1,1
3817,2026-06-14 06:05:00,1,0,1,0
3818,2026-06-14 06:10:00,2,0,2,1
3819,2026-06-14 06:15:00,1,0,1,1
3820,2026-06-14 06:20:00,4,0,4,1
3821,2026-06-14 06:25:00,0,0,0,0
3822,2026-06-14 06:30:00,1,0,1,1
3823,2026-06-14 06:35:00,2,0,2,1
3824,2026-06-14 06:40:00,1,0,1,1
3825,2026-06-14 06:45:00,1,0,1,1
3826,2026-06-14 06:50:00,1,0,1,1
3827,2026-06-14 06:55:00,1,0,1,0
3828,2026-06-14 07:00:00,0,0,0,0
3829,2026-06-14 07:05:00,0,0,0,0
3830,2026-06-14 07:10:00,0,0,0,0
3831,2026-06-14 07:15:00,0,0,0,0
3832,2026-06-14 07:20:00,3,0,3,0
3833,2026-06-14 07:25:00,2,0,2,0
3834,2026-06-14 07:30:00,1,0,1,0
3835,2026-06-14 07:35:00,0,0,0,0
3836,2026-06-14 07:40:00,1,0,1,1
3837,2026-06-14 07:45:00,0,0,0,0
3838,2026-06-14 07:50:00,0,0,0,0
3839,2026-06-14 07:55:00,2,0,2,0
3840,2026-06-14 08:00:00,0,0,0,0
3841,2026-06-14 08:05:00,2,0,2,0
3842,2026-06-14 08:10:00,1,0,1,0
3843,2026-06-14 08:15:00,2,0,2,1
3844,2026-06-14 08:20:00,0,0,0,0
3845,2026-06-14 08:25:00,1,0,1,1
3846,2026-06-14 08:30:00,0,0,0,0
3847,2026-06-14 08:35:00,1,0,1,1
3848,2026-06-14 08:40:00,1,0,1,1
3849,2026-06-14 08:45:00,2,0,2,1
3850,2026-06-14 08:50:00,0,0,0,0
3851,2026-06-14 08:55:00,0,0,0,0
3852,2026-06-14 09:00:00,2,0,1,1
3853,2026-06-14 09:05:00,1,0,1,0
3854,2026-06-14 09:10:00,0,0,0,0
3855,2026-06-14 09:15:00,2,0,2,0
3856,2026-06-14 09:20:00,2,0,2,1
3857,2026-06-14 09:25:00,2,0,2,2
3858,2026-06-14 09:30:00,1,0,1,1
3859,2026-06-14 09:35:00,0,0,0,0
3860,2026-06-14 09:40:00,1,0,1,0
3861,2026-06-14 09:45:00,2,0,2,0
3862,2026-06-14 09:50:00,0,0,0,0
3863,2026-06-14 09:55:00,1,0,1,0
3864,2026-06-14 10:00:00,1,0,1,0
3865,2026-06-14 10:05:00,1,0,1,1
3866,2026-06-14 10:10:00,1,0,1,0
3867,2026-06-14 10:15:00,1,0,1,0
3868,2026-06-14 10:20:00,1,0,1,0
3869,2026-06-14 10:25:00,2,0,2,2
3870,2026-06-14 10:30:00,1,0,1,0
3871,2026-06-14 10:35:00,1,0,1,1
3872,2026-06-14 10:40:00,1,0,1,0
3873,2026-06-14 10:45:00,0,0,0,0
3874,2026-06-14 10:50:00,0,0,0,0
3875,2026-06-14 10:55:00,2,0,2,2
3876,2026-06-14 11:00:00,1,0,1,0
3877,2026-06-14 11:05:00,5,0,5,1
3878,2026-06-14 11:10:00,0,0,0,0
3879,2026-06-14 11:15:00,2,0,2,2
3880,2026-06-14 11:20:00,2,0,2,1
3881,2026-06-14 11:25:00,1,0,1,0
3882,2026-06-14 11:30:00,2,0,2,2
3883,2026-06-14 11:35:00,5,0,5,2
3884,2026-06-14 11:40:00,0,0,0,0
3885,2026-06-14 11:45:00,3,0,2,2
3886,2026-06-14 11:50:00,0,0,0,0
3887,2026-06-14 11:55:00,0,0,0,0
3888,2026-06-14 12:00:00,2,0,2,1
3889,2026-06-14 12:05:00,0,0,0,0
3890,2026-06-14 12:10:00,1,0,1,0
3891,2026-06-14 12:15:00,3,0,3,1
3892,2026-06-14 12:20:00,1,0,1,0
3893,2026-06-14 12:25:00,1,0,1,1
3894,2026-06-14 12:30:00,0,0,0,0
3895,2026-06-14 12:35:00,2,0,2,0
3896,2026-06-14 12:40:00,0,0,0,0
3897,2026-06-14 12:45:00,2,0,2,1
3898,2026-06-14 12:50:00,1,0,1,1
3899,2026-06-14 12:55:00,1,0,1,0
3900,2026-06-14 13:00:00,1,0,1,0
3901,2026-06-14 13:05:00,1,0,1,1
3902,2026-06-14 13:10:00,0,0,0,0
3903,2026-06-14 13:15:00,1,0,1,0
3904,2026-06-14 13:20:00,0,0,0,0
3905,2026-06-14 13:25:00,3,0,3,2
3906,2026-06-14 13:30:00,4,0,3,3
3907,2026-06-14 13:35:00,1,0,1,0
3908,2026-06-14 13:40:00,3,0,3,1
3909,2026-06-14 13:45:00,0,0,0,0
3910,2026-06-14 13:50:00,1,0,1,0
3911,2026-06-14 13:55:00,2,0,2,2
3912,2026-06-14 14:00:00,0,0,0,0
3913,2026-06-14 14:05:00,3,0,3,0
3914,2026-06-14 14:10:00,0,0,0,0
3915,2026-06-14 14:15:00,2,0,1,1
3916,2026-06-14 14:20:00,2,0,2,0
3917,2026-06-14 14:25:00,1,0,1,0
3918,2026-06-14 14:30:00,2,0,2,0
3919,2026-06-14 14:35:00,0,0,0,0
3920,2026-06-14 14:40:00,1,0,1,1
3921,2026-06-14 14:45:00,1,0,1,0
3922,2026-06-14 14:50:00,1,0,0,1
3923,2026-06-14 14:55:00,2,0,2,0
3924,2026-06-14 15:00:00,4,0,4,2
3925,2026-06-14 15:05:00,1,0,1,0
3926,2026-06-14 15:10:00,1,0,1,1
3927,2026-06-14 15:15:00,3,0,3,1
3928,2026-06-14 15:20:00,2,0,2,1
3929,2026-06-14 15:25:00,3,0,3,1
3930,2026-06-14 15:30:00,1,0,1,1
3931,2026-06-14 15:35:00,1,0,1,0
3932,2026-06-14 15:40:00,2,0,2,0
3933,2026-06-14 15:45:00,1,0,1,0
3934,2026-06-14 15:50:00,3,0,3,1
3935,2026-06-14 15:55:00,0,0,0,0
3936,2026-06-14 16:00:00,13,0,12,11
3937,2026-06-14 16:05:00,16,0,15,15
3938,2026-06-14 16:10:00,13,0,11,13
3939,2026-06-14 16:15:00,11,0,11,10
3940,2026-06-14 16:20:00,0,0,0,0
3941,2026-06-14 16:25:00,2,0,2,2
3942,2026-06-14 16:30:00,1,0,0,1
3943,2026-06-14 16:35:00,2,0,2,0
3944,2026-06-14 16:40:00,0,0,0,0
3945,2026-06-14 16:45:00,2,0,2,1
3946,2026-06-14 16:50:00,2,0,2,2
3947,2026-06-14 16:55:00,0,0,0,0
3948,2026-06-14 17:00:00,2,0,2,0
3949,2026-06-14 17:05:00,2,0,1,1
3950,2026-06-14 17:10:00,0,0,0,0
3951,2026-06-14 17:15:00,0,0,0,0
3952,2026-06-14 17:20:00,0,0,0,0
3953,2026-06-14 17:25:00,1,0,1,0
3954,2026-06-14 17:30:00,2,0,2,0
3955,2026-06-14 17:35:00,1,0,1,0
3956,2026-06-14 17:40:00,2,0,2,1
3957,2026-06-14 17:45:00,0,0,0,0
3958,2026-06-14 17:50:00,0,0,0,0
3959,2026-06-14 17:55:00,1,0,1,0
3960,2026-06-14 18:00:00,2,0,2,1
3961,2026-06-14 18:05:00,2,0,2,1
3962,2026-06-14 18:10:00,2,0,1,1
3963,2026-06-14 18:15:00,0,0,0,0
3964,2026-06-14 18:20:00,0,0,0,0
3965,2026-06-14 18:25:00,1,0,1,0
3966,2026-06-14 18:30:00,2,0,2,2
3967,2026-06-14 18:35:00,1,0,1,0
3968,2026-06-14 18:40:00,0,0,0,0
3969,2026-06-14 18:45:00,1,0,1,1
3970,2026-06-14 18:50:00,5,0,5,2
3971,2026-06-14 18:55:00,1,0,1,0
3972,2026-06-14 19:00:00,2,0,2,1
3973,2026-06-14 19:05:00,1,0,1,0
3974,2026-06-14 19:10:00,0,0,0,0
3975,2026-06-14 19:15:00,0,0,0,0
3976,2026-06-14 19:20:00,1,0,1,1
3977,2026-06-14 19:25:00,0,0,0,0
3978,2026-06-14 19:30:00,0,0,0,0
3979,2026-06-14 19:35:00,1,0,1,1
3980,2026-06-14 19:40:00,0,0,0,0
3981,2026-06-14 19:45:00,1,0,1,1
3982,2026-06-14 19:50:00,1,0,1,1
3983,2026-06-14 19:55:00,1,0,1,0
3984,2026-06-14 20:00:00,0,0,0,0
3985,2026-06-14 20:05:00,0,0,0,0
3986,2026-06-14 20:10:00,1,0,1,0
3987,2026-06-14 20:15:00,0,0,0,0
3988,2026-06-14 20:20:00,0,0,0,0
3989,2026-06-14 20:25:00,1,0,1,0
3990,2026-06-14 20:30:00,1,0,1,1
3991,2026-06-14 20:35:00,2,0,2,1
3992,2026-06-14 20:40:00,2,0,2,2
3993,2026-06-14 20:45:00,2,0,2,1
3994,2026-06-14 20:50:00,0,0,0,0
3995,2026-06-14 20:55:00,0,0,0,0
3996,2026-06-14 21:00:00,0,0,0,0
3997,2026-06-14 21:05:00,1,0,1,0
3998,2026-06-14 21:10:00,1,0,1,1
3999,2026-06-14 21:15:00,1,0,1,0
4000,2026-06-14 21:20:00,1,0,1,0
4001,2026-06-14 21:25:00,1,0,1,1
4002,2026-06-14 21:30:00,0,0,0,0
4003,2026-06-14 21:35:00,0,0,0,0
4004,2026-06-14 21:40:00,3,0,3,2
4005,2026-06-14 21:45:00,2,0,2,0
4006,2026-06-14 21:50:00,1,0,1,0
4007,2026-06-14 21:55:00,2,0,2,0
4008,2026-06-14 22:00:00,0,0,0,0
4009,2026-06-14 22:05:00,2,0,2,1
4010,2026-06-14 22:10:00,2,0,2,1
4011,2026-06-14 22:15:00,0,0,0,0
4012,2026-06-14 22:20:00,3,0,3,0
4013,2026-06-14 22:25:00,0,0,0,0
4014,2026-06-14 22:30:00,0,0,0,0
4015,2026-06-14 22:35:00,1,0,1,1
4016,2026-06-14 22:40:00,0,0,0,0
4017,2026-06-14 22:45:00,1,0,1,1
4018,2026-06-14 22:50:00,1,0,1,0
4019,2026-06-14 22:55:00,1,0,1,0
4020,2026-06-14 23:00:00,1,0,1,0
4021,2026-06-14 23:05:00,1,0,1,0
4022,2026-06-14 23:10:00,1,0,1,0
4023,2026-06-14 23:15:00,1,0,1,1
4024,2026-06-14 23:20:00,1,0,1,0
4025,2026-06-14 23:25:00,0,0,0,0
4026,2026-06-14 23:30:00,0,0,0,0
4027,2026-06-14 23:35:00,1,0,1,1
4028,2026-06-14 23:40:00,2,0,2,0
4029,2026-06-14 23:45:00,1,0,1,1
4030,2026-06-14 23:50:00,0,0,0,0
4031,2026-06-14 23:55:00,0,0,0,0
